{"DefaultTint":{"r":0.29124242067337038,"g":0.29124242067337038,"b":0.5094339847564697,"a":0.0},"FoldersData":{"Keys":["efe8e1e507dface43a984e3c7dda7718","c1fbfbafe56ced546a675a12be7570a0","7d46f720ebb863943b629f737d5a935e","a0277ace036f7b244941789abc862d87"],"Values":[{"_guid":"efe8e1e507dface43a984e3c7dda7718","_color":{"r":0.49062392115592959,"g":0.24000000953674317,"b":0.800000011920929,"a":0.699999988079071},"_recursive":true},{"_guid":"c1fbfbafe56ced546a675a12be7570a0","_color":{"r":0.24000000953674317,"g":0.37375420331954958,"b":0.800000011920929,"a":0.699999988079071},"_recursive":true},{"_guid":"7d46f720ebb863943b629f737d5a935e","_color":{"r":0.351965993642807,"g":0.800000011920929,"b":0.24000000953674317,"a":0.699999988079071},"_recursive":true},{"_guid":"a0277ace036f7b244941789abc862d87","_color":{"r":0.7506455183029175,"g":0.800000011920929,"b":0.24000000953674317,"a":0.699999988079071},"_recursive":true}]}}